Country Name,1994,1995,1996,1997,1998,1999,2000,2001,2002,2003,2004,2005,2006,2007,2008,2009,2010,2011,2012,2013,2014,2015,2016,2017,2018,2019,2020,2021,2022,2023
Afghanistan,7.98,7.967,7.941,7.92,7.941,7.953,7.955,7.958,7.939,7.922,7.914,7.914,7.918,7.908,7.92,7.914,7.914,7.916,7.909,7.919,7.915,9.011,10.1,11.184,11.206,11.224,11.71,11.934,14.1,14.386
Angola,17.105,16.711,16.013,15.928,16.148,16.392,16.502,16.539,16.342,16.37,16.267,16.268,16.121,16.08,16.17,16.392,16.598,16.77,16.557,16.487,16.401,16.491,16.58,16.617,16.599,16.497,16.676,15.799,14.693,14.62
Albania,20.835,14.607,13.928,16.872,20.042,20.835,19.023,18.57,17.891,16.985,16.306,15.966,15.626,15.966,13.06,13.674,14.086,13.481,13.376,15.866,18.055,17.193,15.418,13.616,12.304,11.466,12.79,12.473,11.588,11.584
United Arab Emirates,1.841,1.8,1.836,1.908,2.071,2.197,2.25,2.442,2.657,2.902,2.964,3.12,2.959,2.925,2.805,2.919,2.789,2.568,2.266,2.074,1.962,1.792,1.64,2.462,2.236,2.331,4.294,3.105,2.873,2.706
Argentina,11.76,18.8,17.11,14.82,12.65,14.05,15.0,17.32,19.59,15.36,13.522,11.506,10.078,8.47,7.837,8.645,7.714,7.18,7.217,7.1,7.268,7.58,8.083,8.347,9.221,9.843,11.461,8.736,6.805,6.178
Armenia,6.6,6.7,9.3,10.8,9.4,11.2,11.097,10.995,10.872,10.757,10.666,10.577,10.491,10.394,10.657,10.993,11.279,11.534,11.704,11.948,12.201,12.468,12.732,12.968,13.212,12.2,12.18,10.012,8.608,8.586
Australia,9.724,8.473,8.509,8.367,7.684,6.876,6.288,6.747,6.375,5.933,5.399,5.036,4.785,4.381,4.242,5.565,5.214,5.083,5.225,5.663,6.078,6.055,5.711,5.592,5.3,5.159,6.456,5.116,3.701,3.667
Austria,3.535,4.353,5.291,5.157,5.493,4.707,4.694,4.012,4.86,4.785,5.969,5.682,5.32,4.909,4.198,5.371,4.883,4.637,4.909,5.367,5.674,5.802,6.064,5.561,4.933,4.56,5.201,6.459,4.992,5.243
Azerbaijan,6.3,7.2,8.1,9.1,10.0,10.9,11.78,10.91,10.04,9.17,7.99,7.26,6.62,6.33,5.86,5.74,5.63,5.42,5.19,4.97,4.91,4.96,5.0,5.0,4.9,5.0,7.24,6.04,5.65,5.636
Burundi,3.133,3.088,3.095,3.147,3.191,3.146,3.145,3.164,3.18,3.137,3.179,3.15,3.185,2.4,1.634,1.618,1.612,1.599,1.591,1.584,1.572,1.444,1.356,1.258,1.157,1.053,1.03,1.11,0.919,0.93
Belgium,9.645,9.337,9.483,8.95,9.323,8.649,6.586,6.178,6.91,7.68,7.363,8.44,8.246,7.459,6.976,7.908,8.293,7.14,7.542,8.425,8.523,8.482,7.83,7.086,5.948,5.36,5.555,6.264,5.558,5.508
Benin,1.455,1.307,1.25,1.102,1.051,0.951,0.865,0.766,0.69,0.747,0.79,0.86,0.888,0.902,0.892,0.947,1.04,2.647,2.415,2.113,1.892,1.855,1.835,1.722,1.473,1.402,1.565,1.694,1.473,1.452
Burkina Faso,2.58,2.532,2.448,2.414,2.44,2.55,2.681,2.742,2.855,2.78,3.475,4.0,3.67,3.3,3.497,3.715,3.723,3.827,3.852,4.055,4.254,4.468,4.594,4.66,4.695,4.701,4.985,5.11,5.348,5.293
Bangladesh,2.381,2.446,2.51,2.699,2.891,3.082,3.27,3.614,3.967,4.32,4.294,4.25,3.591,4.045,4.516,5.0,3.379,3.73,4.075,4.426,4.406,4.382,4.35,4.372,4.532,4.693,5.828,5.815,5.247,5.06
Bulgaria,12.8,11.1,12.5,13.7,12.2,14.1,16.218,19.921,18.11,13.733,12.037,10.083,8.951,6.878,5.61,6.817,10.279,11.26,12.27,12.941,11.424,9.143,7.575,6.164,5.212,4.23,5.125,5.267,4.268,4.295
Bahrain,1.08,1.117,1.254,1.196,1.179,1.174,1.138,1.171,1.184,1.165,1.094,1.044,1.039,1.019,1.024,1.074,1.13,1.209,1.2,1.182,1.146,1.166,1.195,1.196,1.202,1.226,1.767,1.551,1.326,1.16
"Bahamas, The",13.83,10.83,11.46,9.76,7.65,7.45,7.235,6.87,9.05,10.84,10.2,10.2,7.54,7.88,8.18,14.25,14.431,14.52,14.02,16.18,13.8,12.0,12.7,9.8,10.0,10.011,12.804,11.694,9.87,9.198
Bosnia and Herzegovina,20.251,21.063,21.84,22.727,23.633,24.572,25.473,26.461,27.414,28.415,29.288,30.213,31.11,28.984,23.405,24.068,27.312,27.582,28.01,27.49,27.517,27.695,25.408,20.527,18.4,15.692,15.868,14.897,12.657,10.42
Belarus,12.8,17.7,24.4,17.1,14.0,12.8,12.171,11.523,10.837,10.155,9.443,8.748,8.064,7.408,6.735,6.1,6.054,6.024,5.97,5.946,5.911,5.881,5.844,5.648,4.763,4.165,4.049,3.9,3.574,3.574
Belize,11.1,12.48,13.82,12.68,14.31,12.84,10.808,9.07,10.04,10.363,10.601,10.91,9.39,8.51,8.18,8.335,8.424,8.434,8.38,8.349,8.244,7.578,7.0,6.596,7.899,9.053,10.7,10.157,8.724,8.262
Bolivia,3.08,2.665,2.375,2.08,2.122,2.3,2.442,2.626,2.606,2.657,2.618,2.6,2.576,2.615,2.603,2.973,2.609,2.255,2.066,2.437,2.021,3.111,3.498,3.655,3.519,3.682,7.903,5.089,3.552,3.081
Brazil,6.578,7.092,8.035,9.003,10.15,11.125,10.892,10.649,10.641,11.169,10.072,10.551,9.692,9.28,8.268,9.419,8.424,7.578,7.251,7.071,6.755,8.538,11.58,12.792,12.33,11.936,13.697,13.159,9.231,7.95
Barbados,22.98,19.66,14.71,14.61,12.4,10.61,9.35,9.85,10.32,11.0,9.57,9.08,8.73,7.41,8.12,10.02,10.69,11.19,11.59,11.55,12.17,9.803,8.247,8.622,8.322,8.413,9.756,9.417,8.493,7.954
Brunei Darussalam,4.964,5.059,5.142,5.254,5.368,5.46,5.532,5.609,5.695,5.785,5.886,5.993,6.076,6.169,6.272,6.397,6.476,6.537,6.615,6.734,6.862,7.694,8.521,9.316,8.7,6.6,7.409,4.905,5.191,5.27
Bhutan,1.391,1.392,1.392,1.395,1.4,1.4,1.652,1.9,1.851,1.8,2.49,3.1,3.13,3.7,3.833,3.96,3.32,3.23,2.05,2.87,2.63,2.45,2.737,3.039,3.35,2.72,5.03,4.804,5.947,5.653
Botswana,21.2,21.395,21.593,21.041,20.86,18.231,15.88,18.54,21.272,23.8,21.754,19.847,17.782,16.99,16.315,16.169,17.86,18.062,17.949,18.203,18.518,18.939,19.343,19.678,19.679,20.094,21.017,23.106,23.615,23.381
Central African Republic,5.757,5.709,5.676,5.633,5.602,5.593,5.546,5.589,5.625,5.631,5.56,5.53,5.46,5.419,5.372,5.463,5.585,5.551,5.52,5.56,5.685,5.871,5.904,5.969,5.896,5.978,6.556,6.676,6.337,6.286
Canada,10.395,9.489,9.62,9.101,8.279,7.583,6.829,7.219,7.665,7.574,7.185,6.758,6.484,6.156,6.284,8.46,8.178,7.637,7.392,7.143,7.023,6.945,7.038,6.426,5.837,5.69,9.657,7.527,5.28,5.366
Switzerland,3.58,3.094,3.684,4.127,3.568,3.053,2.658,2.49,2.924,4.117,4.316,4.437,3.995,3.641,3.35,4.109,4.808,4.409,4.491,4.747,4.826,4.801,4.918,4.797,4.713,4.394,4.817,5.097,4.3,4.05
Chile,5.87,4.7,7.414,7.136,7.307,11.158,10.491,10.39,10.168,9.765,10.162,9.34,9.024,8.427,9.285,11.313,8.547,7.492,6.79,6.361,6.761,6.605,6.926,7.29,7.647,7.533,11.006,9.325,8.299,9.037
China,2.9,3.0,3.12,3.23,3.24,3.25,3.26,3.8,4.24,4.58,4.49,4.52,4.43,4.35,4.59,4.72,4.53,4.55,4.58,4.6,4.63,4.65,4.56,4.47,4.31,4.56,5.0,4.55,4.98,4.67
Cote d'Ivoire,5.045,4.1,4.04,3.965,4.1,4.421,4.835,5.199,5.516,5.858,5.93,6.041,6.04,6.308,6.404,6.586,6.614,7.145,7.223,4.255,3.275,2.574,1.896,3.273,2.851,2.401,2.559,2.59,2.434,2.403
Cameroon,8.854,8.585,8.06,7.86,7.696,7.596,7.534,7.46,6.711,5.909,5.088,4.4,3.73,3.063,3.385,3.742,4.11,3.989,3.837,3.687,3.534,3.52,3.534,3.581,3.619,3.646,3.866,3.951,3.687,3.646
"Congo, Dem. Rep.",3.345,3.233,3.117,3.14,3.169,3.206,3.224,3.233,3.165,3.05,2.973,2.948,3.173,3.401,3.625,3.879,4.096,4.315,4.485,4.474,4.446,4.456,4.548,4.637,4.661,4.642,5.369,5.273,4.585,4.544
"Congo, Rep.",20.179,20.146,19.995,19.862,19.88,20.096,19.854,19.858,19.656,19.865,19.883,19.796,19.593,19.899,19.954,19.854,19.379,19.51,19.573,19.902,19.781,20.2,20.524,20.887,20.938,20.608,22.373,22.077,20.261,20.054
Colombia,8.25,8.72,11.81,12.14,15.0,20.06,20.52,15.04,14.481,13.221,13.717,11.062,11.091,11.204,11.273,12.066,11.153,10.288,9.959,9.246,8.799,8.572,8.922,9.086,9.36,10.28,15.983,13.898,10.547,9.565
Comoros,4.593,4.709,4.813,4.584,4.636,4.558,4.402,4.379,4.369,4.565,4.571,4.597,4.622,4.688,4.699,4.724,4.692,4.726,4.767,4.79,4.88,4.972,5.042,5.04,5.018,5.1,5.884,5.857,5.854,5.795
Cabo Verde,13.021,12.977,12.945,13.102,13.146,13.161,13.116,13.313,13.434,13.635,13.493,13.471,13.408,13.325,13.331,13.517,10.67,10.947,11.137,11.386,11.67,11.905,12.075,12.24,12.17,12.118,14.66,13.906,12.272,11.994
Costa Rica,4.05,5.18,6.16,5.68,5.33,5.9,5.08,6.051,6.396,6.654,6.445,6.749,5.926,4.557,4.934,7.824,7.171,9.518,9.11,8.218,8.499,8.415,8.085,7.729,9.01,10.807,16.432,15.139,11.325,8.304
Cuba,8.811,8.27,7.61,7.1,6.23,6.26,5.45,4.08,3.31,2.33,1.854,1.95,1.913,1.788,1.583,1.67,2.5,3.18,3.46,3.29,2.7,2.4,2.0,1.7,1.7,1.2,1.4,1.373,1.254,1.163
Cyprus,2.7,2.6,3.1,3.4,3.3,5.532,4.766,4.043,3.336,4.153,4.77,5.481,4.593,3.946,3.756,5.594,6.36,7.942,12.097,16.131,16.277,15.026,13.006,11.155,8.504,7.155,7.755,7.513,6.807,5.964
Czechia,4.284,4.083,3.852,4.674,6.455,8.702,8.764,8.128,7.281,7.777,8.298,7.927,7.141,5.316,4.393,6.662,7.281,6.712,6.979,6.953,6.108,5.048,3.952,2.893,2.246,2.015,2.551,2.803,2.224,2.593
Germany,8.727,8.158,8.822,9.861,9.787,8.854,7.917,7.773,8.482,9.779,10.727,11.167,10.25,8.658,7.525,7.742,6.967,5.825,5.379,5.231,4.981,4.624,4.122,3.746,3.384,3.136,3.856,3.638,3.135,3.045
Djibouti,27.422,27.607,27.461,27.446,27.269,26.955,26.862,26.78,26.761,26.647,26.602,26.605,26.528,26.423,26.299,26.436,26.469,26.399,26.252,26.211,26.217,26.095,25.999,26.064,26.18,26.246,27.645,27.548,26.367,26.258
Denmark,8.036,6.992,6.844,5.4,5.039,5.142,4.476,4.164,4.274,5.398,5.204,4.83,3.897,3.801,3.683,6.409,7.747,7.769,7.798,7.384,6.925,6.278,5.989,5.833,5.131,5.018,5.637,5.043,4.434,5.142
Dominican Republic,6.267,6.431,6.48,6.314,6.295,6.305,6.432,7.262,6.779,6.938,6.303,6.587,5.655,5.158,4.764,5.467,5.212,6.087,6.722,7.352,6.719,7.605,7.284,5.832,5.861,6.356,6.126,7.702,5.504,5.557
Algeria,27.74,31.84,28.315,25.43,26.855,28.545,29.77,27.3,25.9,23.72,17.65,15.27,12.27,13.79,11.33,10.16,9.96,9.96,10.97,9.82,10.207,11.206,10.202,12.0,12.15,12.285,14.04,13.607,12.437,11.814
Ecuador,4.373,4.372,4.387,4.389,4.35,4.642,4.8,4.252,4.825,5.662,5.002,3.779,3.55,3.142,3.917,4.608,4.088,3.458,3.235,3.083,3.48,3.616,4.597,3.836,3.53,3.812,6.127,4.552,3.761,3.367
"Egypt, Arab Rep.",10.93,11.04,9.0,8.37,8.03,7.95,8.98,9.26,10.01,10.91,10.32,11.049,10.49,8.8,8.517,9.087,8.757,11.849,12.597,13.154,13.105,13.052,12.45,11.767,9.855,7.851,7.974,7.441,7.344,7.306
Euro area,11.7665635712463,11.4487858443158,11.6605005268073,11.6620252566415,11.2430834799559,10.4910538282047,9.50416311259307,8.44338207894511,8.69768970745495,9.02959027845352,9.29444444080931,9.13371971095535,8.41119733720227,7.52637051294394,7.55386046590436,9.59972776711252,10.1572364479875,10.2237873993073,11.4185978517049,11.9746751990282,11.6268411199109,10.8901555056587,10.0286359293483,9.05337170464654,8.15820119060281,7.50602326318793,7.82334781813661,7.73006694615949,6.74582069126458,6.53016093878662
Eritrea,5.598,5.464,5.394,5.494,5.589,5.683,5.724,5.784,5.814,5.784,5.674,5.689,5.683,5.696,5.647,5.722,5.839,5.755,5.649,5.61,5.652,5.793,5.83,5.879,5.758,5.789,6.307,6.341,5.941,5.866
Spain,24.209,22.675,22.142,20.698,18.673,15.475,13.785,10.348,11.146,11.283,11.09,9.146,8.452,8.232,11.255,17.857,19.86,21.391,24.788,26.094,24.442,22.058,19.635,17.224,15.255,14.104,15.532,14.781,12.917,12.144
Estonia,7.561,9.659,9.915,10.369,9.51,11.573,13.36,13.135,10.026,11.288,10.248,8.033,5.915,4.592,5.455,13.548,16.707,12.328,10.021,8.631,7.352,6.412,6.882,5.807,5.412,4.514,6.956,6.178,5.571,6.345
Ethiopia,3.1,3.021,3.137,3.245,3.489,3.714,3.502,3.174,3.061,3.002,2.771,2.497,2.346,2.344,2.333,2.331,2.299,2.274,2.255,2.251,2.364,2.45,2.566,2.678,2.825,2.945,4.024,3.935,3.493,3.497
Finland,16.426,17.005,15.572,14.968,13.215,11.693,11.135,10.291,10.423,10.469,10.358,8.384,7.719,6.854,6.369,8.25,8.394,7.781,7.689,8.193,8.663,9.376,8.818,8.64,7.361,6.695,7.759,7.606,6.719,7.155
Fiji,4.623,4.674,4.649,4.741,4.758,4.709,4.705,4.698,4.77,4.739,4.7,3.886,3.957,4.103,4.182,4.302,4.342,4.406,4.375,4.356,4.325,4.292,4.32,4.328,4.34,4.38,4.623,4.678,4.481,4.327
France,12.593,11.834,12.367,12.566,12.074,11.981,10.218,8.61,8.702,8.307,8.914,8.882,8.833,8.009,7.386,9.122,9.279,9.228,9.841,9.913,10.273,10.354,10.057,9.41,9.018,8.415,8.01,7.874,7.308,7.323
Gabon,17.805,17.414,17.354,17.201,17.184,17.599,17.827,17.801,17.372,17.129,17.104,16.91,17.792,18.258,19.197,19.754,20.39,19.929,19.713,19.788,19.922,19.994,20.165,20.351,20.502,20.426,21.273,21.233,20.501,20.361
United Kingdom,9.648,8.694,8.189,7.072,6.198,6.042,5.558,4.696,5.037,4.807,4.594,4.751,5.35,5.262,5.615,7.537,7.787,8.038,7.885,7.525,6.11,5.301,4.81,4.33,3.996,3.737,4.472,4.826,3.73,4.055
Georgia,8.4,7.6,11.5,11.5,14.53,13.8,10.82,11.16,12.59,11.51,12.62,13.81,13.57,13.28,17.87,20.71,20.203,19.632,19.653,19.416,17.439,16.506,16.604,13.939,12.667,11.565,11.73,11.794,11.657,11.622
Ghana,5.895,6.479,7.084,7.637,8.2,10.1,10.456,9.604,8.698,7.722,6.757,5.817,4.897,5.092,5.142,5.349,5.384,4.227,3.141,2.173,4.412,6.806,5.237,3.369,3.251,3.156,3.285,3.338,3.084,3.079
Guinea,4.481,4.437,4.461,4.423,4.461,4.488,4.591,4.595,4.549,4.651,4.757,4.899,4.958,4.834,4.844,4.991,5.129,5.123,4.891,4.977,5.108,5.251,5.019,4.815,4.771,5.018,5.993,5.767,5.328,5.297
"Gambia, The",9.862,9.983,10.036,9.866,9.784,9.643,9.639,9.571,9.965,9.93,9.897,9.878,10.196,10.383,10.041,9.769,9.673,10.269,10.346,9.468,8.224,7.271,6.299,5.162,4.127,4.532,5.858,6.206,6.082,6.479
Guinea-Bissau,3.203,3.168,3.063,3.03,3.416,3.558,3.576,3.195,3.222,3.284,3.28,3.221,3.204,3.202,3.218,3.21,3.197,3.144,3.207,3.226,3.316,3.224,3.192,3.137,3.196,3.219,3.614,3.628,3.204,3.183
Equatorial Guinea,7.745,7.787,7.84,7.881,7.933,8.002,8.033,8.16,8.245,8.265,8.166,8.12,8.024,7.974,7.943,8.098,8.292,8.234,8.116,8.039,8.044,8.178,8.232,8.329,8.256,8.367,9.075,9.194,8.746,8.666
Greece,9.808,10.117,10.402,10.472,12.227,12.138,11.345,10.764,10.346,9.839,10.628,10.074,8.906,8.351,7.664,9.546,12.719,17.973,24.731,27.686,26.708,24.981,23.514,21.414,19.179,17.045,15.899,14.657,12.426,10.997
Guatemala,2.576,2.573,2.623,2.608,2.608,2.566,2.605,2.746,2.748,2.807,2.971,3.06,2.95,2.825,2.874,3.209,3.497,3.171,2.765,3.017,2.717,2.506,2.583,2.462,2.283,2.193,2.953,2.174,3.051,2.705
Guam,7.6,7.9,8.283,9.67,7.74,13.95,15.32,13.213,11.39,9.691,7.7,7.0,7.4,8.3,8.889,9.3,8.2,13.3,12.2,11.5,7.6,6.9,5.4,5.417,5.447,5.402,6.227,6.001,5.527,5.418
Guyana,11.598,11.622,11.602,11.62,11.718,11.785,11.901,11.802,11.81,11.532,11.279,11.066,10.7,10.891,11.111,11.42,11.758,11.977,12.231,12.528,12.887,13.273,13.563,13.813,14.019,13.525,15.701,14.927,12.423,12.43
"Hong Kong SAR, China",1.9,3.22,2.83,2.22,4.58,6.25,4.92,5.09,7.28,7.86,6.74,5.58,4.77,4.01,3.56,5.26,4.329,3.422,3.285,3.4,3.296,3.314,3.392,3.124,2.805,2.917,5.808,5.174,4.318,3.931
Honduras,3.136,3.24,4.37,3.32,4.02,3.85,3.881,4.0,4.02,5.3,5.99,4.909,3.575,3.211,3.156,3.292,4.119,4.475,3.755,5.646,7.078,6.147,6.727,5.528,5.622,5.551,10.679,7.94,7.037,6.062
Croatia,10.332,9.995,9.68,9.71,11.392,13.559,16.064,15.822,15.053,13.924,13.664,12.598,11.13,9.909,8.53,9.202,11.62,13.678,15.935,17.251,17.29,16.175,13.103,11.208,8.432,6.617,7.507,7.608,6.96,6.063
Haiti,7.97,7.56,7.319,6.968,7.159,7.2,8.441,9.744,11.044,12.184,13.458,14.589,15.914,16.8,16.194,15.342,15.255,14.482,14.1,13.639,13.766,13.745,13.888,13.929,13.937,14.133,15.56,15.253,14.719,14.623
Hungary,10.847,10.168,10.022,8.991,8.925,6.929,6.563,5.671,5.608,5.79,5.832,7.189,7.494,7.406,7.817,10.03,11.172,11.029,11.003,10.177,7.725,6.813,5.115,4.156,3.709,3.419,4.25,4.045,3.609,4.126
Indonesia,4.366,4.611,4.861,4.684,5.459,6.358,6.078,6.082,6.604,6.658,7.303,7.945,7.551,8.06,7.209,6.106,5.614,5.153,4.468,4.336,4.049,4.514,4.301,3.783,4.387,3.59,4.255,3.827,3.462,3.417
India,6.828,6.99,7.147,7.335,7.517,7.682,7.856,8.039,8.248,8.397,8.551,8.697,8.614,8.534,8.486,8.406,8.318,8.222,8.156,8.088,7.992,7.894,7.8,7.723,7.652,6.51,7.859,6.38,4.822,4.172
Ireland,14.544,11.97,11.692,10.192,7.699,5.804,4.318,3.684,4.216,4.478,4.491,4.343,4.415,4.98,6.774,12.609,14.534,15.354,15.451,13.735,11.858,9.908,8.374,6.713,5.741,4.95,5.623,6.194,4.479,4.34
"Iran, Islamic Rep.",10.449,9.895,9.1,9.69,10.367,11.176,11.699,12.356,12.8,11.528,10.3,11.813,11.519,10.772,10.63,12.113,13.679,12.491,12.275,10.595,10.68,11.166,12.618,12.232,12.195,10.74,9.687,9.282,9.085,9.103
Iraq,8.298,8.488,8.559,8.319,8.126,8.042,8.095,8.288,8.636,8.965,8.736,8.596,8.434,8.646,8.467,8.41,8.262,8.186,7.965,9.208,10.59,10.838,10.82,13.02,13.509,14.142,15.776,16.173,15.588,15.529
Iceland,5.326,5.196,3.6,3.72,3.069,2.178,1.936,1.874,2.988,3.997,4.031,2.547,2.83,2.251,2.946,7.22,7.564,7.028,6.0,5.376,4.897,3.979,2.978,2.742,2.704,3.507,5.478,6.029,3.789,3.562
Israel,9.934,8.782,8.455,9.751,10.749,11.183,11.102,11.812,12.888,13.505,13.029,11.342,10.707,9.379,7.704,9.534,8.48,7.139,6.762,6.137,5.789,5.176,4.723,4.14,3.917,3.731,4.169,4.812,3.695,3.389
Italy,11.086,11.661,11.864,11.985,12.117,11.681,10.834,9.599,9.211,8.869,7.866,7.731,6.777,6.076,6.723,7.749,8.363,8.359,10.655,12.149,12.683,11.896,11.688,11.211,10.61,9.952,9.164,9.497,8.069,7.618
Jamaica,6.388,6.378,6.675,6.758,6.915,6.875,6.807,6.686,6.654,6.563,6.562,6.596,6.619,6.614,6.666,7.314,7.63,8.034,8.695,9.698,9.046,8.824,8.634,7.399,5.47,4.987,6.501,5.188,4.083,4.417
Jordan,16.915,14.6,13.7,13.737,13.832,13.759,13.7,14.7,15.3,14.5,14.619,14.8,14.0,13.1,12.7,12.9,12.5,12.9,12.2,12.6,11.9,13.075,15.275,18.12,18.257,16.801,19.213,19.837,18.2,17.944
Japan,2.89,3.15,3.383,3.374,4.078,4.677,4.748,5.02,5.386,5.251,4.734,4.446,4.192,3.888,4.002,5.068,5.103,4.55,4.358,4.038,3.589,3.385,3.132,2.822,2.467,2.351,2.809,2.828,2.6,2.575
Kazakhstan,7.54,10.98,12.96,13.01,13.13,13.46,12.75,10.43,9.33,8.78,8.4,8.13,7.79,7.26,6.63,6.55,5.77,5.39,5.29,5.2,5.06,4.93,4.96,4.9,4.85,4.8,4.89,5.556,4.86,4.847
Kenya,2.947,2.847,2.777,2.819,2.841,2.877,2.876,2.868,2.903,2.86,2.836,2.739,2.678,2.65,2.752,2.813,2.793,2.706,2.686,2.764,2.768,2.763,2.757,3.54,4.284,5.014,5.621,5.693,5.805,5.682
Kyrgyz Republic,1.34,1.435,1.512,1.577,1.666,1.768,1.873,1.966,2.07,2.165,2.26,2.358,2.462,2.558,2.639,2.738,2.856,2.962,3.07,3.146,3.253,3.346,3.466,3.568,3.673,4.252,4.63,4.096,4.055,4.038
Cambodia,0.99,0.974,0.963,0.638,0.712,0.727,0.746,0.775,0.853,0.909,1.005,1.067,1.154,1.257,0.825,0.579,0.771,0.577,0.496,0.438,0.692,0.393,0.716,0.141,0.13,0.12,0.172,0.396,0.247,0.239
"Korea, Rep.",2.476,2.063,2.048,2.608,6.963,6.342,4.063,3.699,3.046,3.348,3.42,3.482,3.254,3.013,2.959,3.363,3.324,2.992,2.812,2.747,3.082,3.546,3.65,3.653,3.824,3.746,3.931,3.639,2.857,2.642
Kuwait,0.7,0.694,0.7,0.7,0.7,0.7,0.8,0.8,1.1,1.3,1.7,1.457,1.3,1.5,1.75,1.64,1.82,2.056,2.234,2.476,2.9,2.2,2.16,2.223,2.198,2.239,3.535,2.997,2.124,2.076
Lao PDR,2.631,2.6,2.453,2.36,2.303,2.165,2.057,1.891,1.785,1.646,1.503,1.35,1.198,1.066,0.941,0.833,0.708,1.055,1.398,1.755,2.117,2.491,2.88,3.269,2.896,2.528,2.314,1.997,1.209,1.181
Lebanon,8.364,8.456,8.444,8.62,8.565,8.735,8.594,8.456,8.225,8.048,7.85,8.247,8.669,8.98,7.665,6.355,6.77,7.333,7.91,8.423,8.796,9.27,9.76,10.236,10.741,11.301,13.235,12.621,11.599,11.565
Liberia,2.664,2.588,2.371,2.176,2.038,2.021,2.035,2.125,2.211,2.406,2.412,2.403,2.274,2.223,2.211,2.236,2.266,2.208,2.138,2.072,2.079,2.553,3.081,3.066,3.057,3.072,4.092,3.792,2.99,2.939
Libya,19.411,19.483,19.322,19.439,19.271,19.306,19.168,19.186,19.198,19.002,18.873,18.613,18.744,18.708,18.953,19.18,19.208,19.43,19.03,19.316,19.298,19.649,19.5,19.015,18.836,19.037,19.535,19.595,19.319,18.743
St. Lucia,17.0,15.83,16.33,20.47,21.6,18.09,16.49,18.556,20.39,22.18,20.97,18.7,16.0,14.0,12.72,15.37,17.116,18.86,19.06,22.21,21.592,20.851,19.928,19.136,19.329,15.613,25.225,20.514,15.934,11.092
Sri Lanka,13.03,12.27,11.35,10.6,9.17,8.88,7.74,7.9,8.76,8.22,8.38,7.67,6.5,5.97,5.22,5.85,4.784,4.118,3.88,4.186,4.157,4.519,4.243,4.046,4.318,4.67,5.365,5.258,6.33,6.36
Lesotho,15.587,15.771,15.681,15.796,15.887,16.145,16.143,16.05,16.045,16.019,16.121,15.994,16.02,15.905,15.812,16.089,16.044,16.098,15.733,15.907,16.056,16.223,16.139,16.391,16.637,16.876,18.351,18.129,16.668,16.46
Lithuania,13.8,17.54,16.4,14.13,13.711,13.388,15.931,16.84,13.008,12.875,10.684,8.325,5.78,4.25,5.826,13.785,17.814,15.39,13.365,11.77,10.698,9.12,7.862,7.073,6.147,6.255,8.487,7.112,5.956,6.962
Luxembourg,3.48,2.918,3.286,2.527,2.763,2.39,2.345,1.805,2.621,3.675,5.113,4.488,4.731,4.065,5.06,5.122,4.361,4.902,5.14,5.848,5.852,6.669,6.291,5.522,5.585,5.595,6.773,5.247,4.585,5.188
Latvia,18.7,19.0,20.7,14.9,14.454,13.79,14.211,13.821,13.829,12.061,11.708,10.033,7.03,6.052,7.739,17.515,19.482,16.206,15.047,11.867,10.846,9.873,9.643,8.715,7.412,6.312,8.098,7.513,6.815,6.534
"Macao SAR, China",2.48,3.581,4.249,3.261,4.607,6.348,6.874,6.393,6.267,5.995,4.905,4.158,3.822,3.27,2.999,3.58,2.84,2.56,1.97,1.82,1.67,1.81,1.939,1.987,1.834,1.749,2.566,2.252,2.476,2.246
Morocco,13.917,14.089,13.434,14.04,13.411,13.94,13.58,12.46,11.59,11.92,10.83,11.01,9.67,9.56,9.57,8.96,9.09,8.91,8.99,9.23,9.7,9.46,9.3,9.229,9.282,9.21,11.203,10.539,9.53,9.114
Moldova,5.8,5.3,7.9,7.9,10.0,11.14,8.539,7.366,6.845,6.378,6.374,5.633,4.26,2.749,2.097,3.024,2.972,2.677,2.19,1.894,1.451,1.781,1.591,1.622,1.239,1.502,1.206,0.794,0.909,1.623
Madagascar,6.09,6.078,6.082,5.963,5.896,5.82,5.8,5.35,5.52,5.01,3.952,2.62,2.945,3.2,3.428,3.883,4.28,2.518,0.599,0.995,1.385,1.785,1.944,2.113,2.289,2.46,3.246,3.415,3.186,3.061
Maldives,0.791,0.79,1.023,1.257,1.491,1.728,1.97,3.062,4.142,5.201,6.256,7.394,8.478,9.537,10.515,11.697,10.851,10.01,9.142,8.298,7.461,6.612,5.77,5.376,4.959,4.562,5.404,5.021,4.424,4.127
Mexico,4.436,7.095,5.465,4.235,3.733,2.598,2.646,2.627,3.003,3.455,3.937,3.558,3.566,3.628,3.874,5.356,5.303,5.175,4.892,4.921,4.819,4.311,3.853,3.419,3.275,3.477,4.441,4.019,3.256,2.812
North Macedonia,30.0,35.6,38.8,36.0,34.5,32.4,32.2,30.52,31.94,36.69,37.161,37.32,36.392,35.231,33.93,32.351,33.135,31.502,31.096,29.017,28.215,26.395,24.312,22.857,21.208,17.414,16.575,15.801,14.477,13.075
Mali,1.444,1.394,1.35,1.34,1.269,1.287,1.347,1.264,1.297,1.206,1.36,1.325,1.384,1.366,1.394,1.398,1.382,1.408,1.49,1.54,1.492,1.406,1.367,1.494,1.62,2.414,3.528,2.29,3.09,3.008
Malta,6.346,6.342,6.339,6.335,6.331,6.328,6.324,7.107,6.902,7.488,7.317,6.923,6.798,6.472,5.977,6.896,6.861,6.388,6.203,6.115,5.737,5.389,4.694,4.008,3.665,3.627,4.357,3.403,2.929,3.125
Myanmar,0.771,0.757,0.762,0.765,0.772,0.762,0.731,0.7,0.685,0.683,0.678,0.67,0.669,0.673,0.684,0.696,0.707,0.723,0.742,0.753,0.749,0.766,1.043,1.356,0.767,0.407,1.476,4.34,2.83,2.841
Montenegro,30.366,30.178,29.837,29.844,29.936,30.191,30.249,30.308,30.277,30.318,30.315,30.31,24.843,19.4,17.15,19.09,19.649,19.759,19.808,19.585,18.054,17.555,17.732,16.082,15.19,15.128,17.878,16.543,15.288,15.254
Mongolia,5.709,5.5,5.533,5.611,5.751,5.84,5.985,6.107,6.2,6.768,6.852,7.015,7.193,7.2,5.565,5.86,6.549,4.769,3.905,4.231,4.798,4.861,7.235,6.359,5.377,9.269,6.594,7.747,6.211,6.134
Mozambique,2.856,2.755,2.752,2.7,2.646,2.675,2.831,2.84,2.906,2.869,2.958,3.029,3.027,3.065,3.095,3.182,3.24,3.279,3.305,3.338,3.378,3.426,3.48,3.543,3.602,3.632,3.877,3.984,3.621,3.535
Mauritania,9.873,9.674,9.673,9.694,9.863,9.912,9.903,10.002,10.076,9.817,9.696,9.538,9.287,9.455,9.681,10.155,10.054,9.956,9.865,9.931,10.03,10.109,10.286,10.336,10.438,10.416,11.01,11.068,10.602,10.512
Mauritius,9.531,9.59,9.502,9.383,9.26,9.275,9.132,9.14,8.205,8.314,8.337,9.524,9.04,8.475,7.17,7.257,7.654,7.447,7.472,7.322,7.467,7.41,6.814,6.752,6.427,6.331,8.627,7.719,6.322,6.057
Malawi,5.333,4.884,4.929,4.69,4.915,4.993,5.034,5.202,5.229,5.151,4.958,4.931,4.95,4.876,4.801,4.74,4.787,4.835,4.951,4.978,4.966,4.95,5.003,5.033,5.003,4.949,5.681,5.585,5.051,5.044
Malaysia,3.64,3.15,2.52,2.45,3.2,3.43,3.0,3.53,3.48,3.61,3.54,3.53,3.32,3.23,3.32,3.66,3.39,3.05,3.1,3.16,2.88,3.1,3.44,3.41,3.3,3.26,4.54,4.64,3.93,3.855
Namibia,19.4,21.319,22.837,24.45,23.083,21.67,20.3,20.986,21.51,22.068,22.09,22.105,21.861,22.11,22.004,22.253,22.12,19.479,16.771,19.028,18.521,20.799,23.352,21.739,19.877,19.945,20.966,20.877,19.748,19.422
New Caledonia,18.956,18.635,18.64,18.382,18.619,18.292,17.986,17.447,17.079,16.719,16.31,15.77,15.238,14.758,14.368,13.97,13.95,13.937,14.053,14.348,14.59,13.637,12.714,11.676,11.702,10.881,13.558,12.537,11.291,11.22
Niger,1.493,1.486,1.49,1.496,1.378,1.383,1.426,1.47,1.807,2.146,2.748,3.1,2.532,2.027,1.59,1.212,0.721,0.317,2.177,1.4,0.524,0.558,0.555,0.564,0.546,0.544,0.62,0.819,0.552,0.55
Nigeria,3.959,4.041,3.944,3.873,3.836,3.898,3.87,3.827,3.618,3.594,3.556,3.69,3.718,3.767,3.771,3.751,3.739,3.77,3.76,3.711,3.903,4.137,4.498,4.826,5.065,5.206,5.712,5.393,3.827,3.074
Nicaragua,7.773,7.491,7.164,7.132,7.232,7.197,7.188,7.22,7.523,7.6,6.41,5.37,5.31,4.89,6.2,8.16,7.83,6.617,5.208,5.28,4.52,4.7,3.9,3.3,5.2,5.47,6.167,6.064,4.978,4.795
Netherlands,7.159,7.158,6.421,5.511,4.394,3.623,2.725,2.119,2.554,3.593,4.646,5.873,5.002,4.153,3.654,4.347,4.989,4.977,5.821,7.243,7.416,6.873,6.006,4.839,3.831,3.38,3.819,4.21,3.524,3.561
Norway,5.349,6.307,5.036,4.687,3.737,3.247,3.458,3.738,4.022,4.221,4.256,4.381,3.399,2.493,2.55,3.103,3.521,3.215,3.123,3.423,3.484,4.296,4.679,4.162,3.8,3.687,4.422,4.369,3.233,3.581
Nepal,10.552,10.565,10.56,10.596,10.608,10.624,10.622,10.615,10.655,10.677,10.68,10.652,10.659,10.672,10.65,10.64,10.629,10.653,10.654,10.667,10.647,10.655,10.684,10.66,10.63,10.578,13.157,12.315,10.922,10.685
New Zealand,8.354,6.461,6.29,6.857,7.718,7.023,6.13,5.433,5.282,4.745,4.005,3.807,3.857,3.661,4.167,6.121,6.557,6.491,6.931,5.839,5.428,5.415,5.147,4.736,4.335,4.109,4.595,3.776,3.297,3.737
Oman,4.17,4.262,4.345,4.278,4.342,4.417,4.396,4.337,4.374,4.653,4.756,4.64,4.391,4.3,4.142,3.991,3.925,3.928,3.727,3.516,3.43,3.392,3.266,2.524,1.8,2.052,2.94,1.9,1.514,1.46
Pakistan,0.591,0.596,0.591,0.596,0.6,0.602,0.597,0.595,0.597,0.595,0.588,0.582,0.582,0.398,0.423,0.535,0.653,0.796,3.667,2.954,1.827,3.566,2.286,3.193,4.083,4.83,6.162,6.338,5.548,5.499
Panama,6.439,6.51,6.525,6.423,6.297,6.285,6.322,6.429,6.419,6.393,6.171,6.041,5.849,5.743,5.704,5.849,5.873,4.049,3.717,3.707,4.415,4.37,4.758,5.395,5.218,6.332,14.183,10.453,8.202,6.701
Peru,4.526,4.737,4.95,4.784,5.11,5.02,4.965,5.067,4.84,4.15,4.71,4.87,4.17,4.08,4.03,3.96,3.6,3.477,3.238,3.575,3.208,3.272,3.741,3.691,3.492,3.379,7.179,5.097,3.85,4.82
Philippines,3.796,3.71,3.637,3.618,3.712,3.758,3.77,3.698,3.615,3.527,3.554,3.795,4.052,3.434,3.72,3.858,3.605,3.592,3.504,3.497,3.6,3.068,2.695,2.552,2.338,2.237,2.522,3.398,2.598,2.233
Papua New Guinea,2.454,2.633,2.751,2.87,2.871,2.943,2.92,2.801,2.754,2.627,2.524,2.386,2.286,2.171,2.168,2.088,2.002,2.62,2.627,2.682,2.524,2.487,2.453,2.544,2.604,2.599,2.814,2.906,2.689,2.651
Poland,14.825,13.695,12.684,10.964,9.935,12.29,16.314,18.373,19.895,19.37,19.074,17.746,13.841,9.602,7.118,8.167,9.637,9.632,10.088,10.326,8.99,7.501,6.161,4.888,3.846,3.277,3.162,3.363,2.886,2.905
Puerto Rico,14.6,13.93,13.64,13.8,13.46,11.81,10.08,11.4,11.94,11.78,10.31,11.35,11.01,10.93,11.48,15.0,16.1,15.7,14.5,14.3,13.9,12.0,11.8,10.8,9.2,8.3,8.89,7.9,6.0,5.962
"Korea, Dem. People's Rep.",2.639,2.659,2.693,2.782,2.974,3.166,3.147,3.16,3.12,3.13,3.079,3.032,2.997,2.98,2.906,2.895,2.825,2.903,2.92,2.93,2.883,2.902,2.925,2.846,2.784,2.838,3.029,3.134,2.965,3.004
Portugal,6.709,7.064,7.298,6.571,4.64,4.579,3.806,3.829,4.497,6.132,6.319,7.582,7.649,7.966,7.553,9.432,10.771,12.682,15.531,16.188,13.897,12.447,11.068,8.869,6.994,6.464,6.796,6.577,6.011,6.491
Paraguay,4.41,3.4,8.15,5.36,4.417,5.343,7.61,6.206,9.393,6.814,6.513,4.825,5.277,4.713,4.415,5.46,4.569,4.67,4.086,4.385,5.034,4.556,5.255,6.138,6.217,6.595,7.548,7.311,6.755,5.779
West Bank and Gaza,10.183,10.379,10.494,10.515,10.433,10.351,10.625,21.493,27.465,23.004,23.215,20.016,19.014,18.282,22.913,20.452,21.416,17.597,19.202,19.894,20.527,23.005,23.939,25.677,26.256,25.34,25.895,26.39,24.42,N/A
French Polynesia,12.103,12.05,12.015,11.945,11.853,11.745,11.608,11.678,11.71,11.748,11.697,11.718,11.766,11.74,11.759,11.968,12.143,12.273,12.146,12.03,11.886,11.776,11.699,11.554,11.553,11.536,12.879,12.492,11.911,11.724
Qatar,0.87,0.87,0.87,0.87,0.87,0.87,0.87,0.87,0.87,0.87,0.87,0.87,0.87,0.52,0.31,0.31,0.45,0.56,0.48,0.28,0.2,0.17,0.15,0.14,0.11,0.1,0.14,0.14,0.13,0.13
Romania,8.17,8.01,6.74,5.515,5.63,6.239,6.969,6.562,8.112,6.95,7.719,7.174,7.27,6.413,5.788,6.859,6.959,7.177,6.794,7.096,6.802,6.812,5.901,4.927,4.187,3.912,5.035,5.59,5.614,5.595
Russian Federation,8.131,9.449,9.665,11.813,13.261,13.036,10.581,8.978,7.875,8.21,7.763,7.124,7.055,6.002,6.205,8.301,7.369,6.536,5.436,5.458,5.16,5.571,5.559,5.212,4.846,4.496,5.589,4.715,3.867,3.325
Rwanda,12.287,12.094,11.696,11.31,11.438,11.711,11.805,11.828,11.557,11.751,11.78,11.901,11.669,11.661,11.601,11.694,11.7,11.801,11.72,11.802,11.858,11.849,11.805,11.875,10.759,11.236,11.829,15.793,15.085,14.932
Saudi Arabia,6.88,6.44,5.845,5.322,4.769,4.346,4.57,4.618,5.265,5.563,5.822,6.051,6.254,5.734,5.085,5.377,5.55,5.77,5.622,5.6,5.877,5.6,5.6,5.89,6.029,5.636,7.45,6.621,5.589,4.88
Sudan,14.923,14.931,14.902,14.577,14.603,14.651,14.869,14.825,14.767,14.766,14.788,14.791,14.783,14.769,14.8,13.0,15.156,17.44,17.068,16.414,15.558,14.512,13.812,13.206,12.605,12.014,12.368,11.466,7.53,11.449
Senegal,2.932,2.84,2.826,2.76,2.751,2.665,2.648,2.68,2.808,2.774,2.77,2.685,2.755,2.796,2.813,2.807,2.798,2.853,3.887,4.989,5.842,6.757,4.455,4.078,3.567,2.863,3.405,3.368,2.968,2.93
Singapore,3.03,3.3,3.57,2.5,3.41,4.85,3.7,3.76,5.65,5.93,5.84,5.59,4.48,3.9,3.96,5.86,4.12,3.89,3.72,3.86,3.74,3.79,4.08,4.2,3.613,3.1,4.1,4.64,3.591,3.472
Solomon Islands,1.816,1.849,1.88,2.003,2.136,2.17,2.402,2.583,2.635,2.256,2.015,1.879,1.915,1.975,1.996,2.02,1.622,1.297,0.987,0.694,0.728,0.735,0.735,0.727,0.723,0.746,0.852,0.866,1.579,1.545
Sierra Leone,4.316,4.21,4.21,4.251,4.159,4.198,4.081,4.161,3.901,3.879,3.42,3.724,3.9,4.018,4.14,4.282,4.427,4.554,4.56,4.538,4.678,4.621,4.312,3.848,3.193,3.204,3.485,3.516,3.194,3.174
El Salvador,7.68,7.65,7.68,7.98,7.1,7.3,6.96,6.96,6.2,6.9,6.8,7.22,6.57,6.41,5.88,7.33,4.893,4.297,3.843,3.693,4.154,3.998,4.418,4.385,4.006,4.17,5.008,4.327,2.999,2.758
Somalia,19.686,19.477,19.394,19.033,18.947,18.951,18.781,18.883,18.893,18.914,18.846,18.873,18.9,18.834,18.88,18.926,18.973,19.021,19.078,18.995,18.847,18.444,18.372,18.545,18.783,18.828,19.35,19.553,19.128,19.027
Serbia,13.509,13.4,13.2,13.8,13.7,13.7,12.6,12.8,13.8,15.2,18.5,20.85,20.85,18.06,13.67,16.116,19.204,22.959,24.0,22.154,19.223,17.66,15.257,13.477,12.733,10.395,9.011,10.061,8.684,8.683
Sao Tome and Principe,14.376,14.323,14.319,14.404,14.393,14.353,14.4,15.73,17.63,16.36,16.12,16.47,16.65,16.098,15.573,15.4,14.66,14.196,13.59,13.711,13.619,13.598,13.65,13.811,13.878,13.998,15.183,15.042,14.115,14.208
Suriname,12.7,8.39,10.88,10.56,10.63,13.6,12.975,12.137,11.233,10.351,9.49,9.263,9.096,9.005,8.832,8.72,7.15,7.54,8.1,6.6,6.94,7.22,7.917,7.883,7.685,7.545,8.726,8.459,8.232,7.704
Slovak Republic,13.654,13.109,11.341,11.894,12.421,16.099,18.546,19.149,18.541,17.55,18.206,16.276,13.395,11.16,9.514,12.023,14.387,13.634,13.966,14.227,11.537,11.492,9.679,8.142,6.544,5.761,6.719,6.894,6.143,5.84
Slovenia,8.24,7.15,6.886,6.658,7.4,7.33,6.92,5.685,5.927,6.481,6.017,6.515,5.957,4.828,4.379,5.869,7.248,8.182,8.852,10.116,9.692,8.975,8.007,6.573,5.116,4.448,4.974,4.747,4.013,3.627
Sweden,9.58,8.897,9.547,10.359,8.941,7.607,5.466,4.73,4.965,5.555,6.693,7.486,7.066,6.161,6.235,8.351,8.61,7.804,7.976,8.052,7.954,7.432,6.99,6.718,6.365,6.833,8.291,8.722,7.392,7.587
Eswatini,21.704,21.65,22.076,22.5,23.204,23.849,24.518,25.2,25.734,26.229,26.695,27.208,27.689,28.24,27.847,27.404,26.753,25.994,25.118,24.435,23.817,23.279,22.718,24.83,26.983,29.049,34.232,35.707,37.852,37.636
Syrian Arab Republic,7.5,7.2,7.225,7.314,7.382,7.6,9.589,11.63,10.94,10.28,9.518,8.816,8.17,8.42,10.94,8.14,8.61,8.612,13.8,14.479,14.768,14.29,13.867,13.67,13.554,13.393,15.176,14.796,13.813,13.544
Chad,0.711,0.751,0.701,0.732,0.727,0.752,0.792,0.789,0.768,0.728,0.679,0.67,0.716,0.829,0.904,0.903,0.873,0.899,0.893,0.942,0.926,0.968,1.044,1.116,1.135,1.081,1.693,1.511,1.104,1.082
Togo,4.184,3.986,3.624,3.636,3.789,3.892,4.151,4.102,4.085,3.964,3.999,4.151,4.229,3.822,3.286,2.853,2.385,1.982,2.028,2.083,2.142,2.204,2.963,3.744,2.903,2.056,2.211,2.285,2.065,2.048
Thailand,1.347,1.1,1.071,0.873,3.404,2.968,2.389,2.6,1.82,1.54,1.51,1.35,1.22,1.18,1.18,1.49,0.622,0.66,0.58,0.249,0.576,0.597,0.688,0.83,0.766,0.716,1.099,1.215,0.94,0.913
Tajikistan,8.8,10.3,13.4,13.9,16.5,15.4,14.972,14.566,14.148,13.751,13.364,12.995,12.627,12.254,11.869,11.5,10.844,10.187,9.519,8.86,8.206,7.554,6.9,6.9,6.898,6.898,7.176,7.253,6.981,6.981
Turkmenistan,4.7,8.3,10.3,11.0,12.2,12.7,11.75,10.898,10.1,9.239,8.367,7.46,6.577,5.705,4.846,4.0,4.0,4.002,3.997,3.999,4.011,4.023,4.034,4.045,4.051,4.055,4.489,4.452,4.121,4.12
Timor-Leste,3.278,3.3,3.315,3.346,3.408,3.66,3.596,3.483,3.326,3.409,3.498,3.448,3.46,3.409,3.367,3.295,3.301,3.533,3.767,4.011,4.228,4.45,4.657,4.212,3.732,3.129,2.792,2.344,1.537,1.523
Tonga,1.708,2.007,2.414,2.864,3.36,3.714,4.12,4.479,4.837,5.18,3.944,2.572,1.09,1.182,1.254,1.41,1.517,1.606,1.647,1.758,1.924,2.028,2.048,2.132,2.248,2.164,2.675,2.111,2.354,2.303
Trinidad and Tobago,18.44,17.22,16.25,15.01,14.21,13.12,12.1,10.88,10.39,10.48,8.33,7.95,6.27,5.54,4.63,5.28,4.033,3.425,3.718,2.683,2.477,2.428,3.207,3.385,3.49,3.523,4.206,4.446,4.383,4.206
Tunisia,16.038,16.36,16.07,15.94,15.476,15.21,14.94,14.4,14.55,14.51,14.23,12.872,12.51,12.365,12.444,13.291,13.049,18.334,17.63,15.934,14.259,15.159,15.557,15.33,15.459,17.153,17.576,16.505,15.301,15.106
Turkiye,8.577,7.644,6.629,6.841,6.888,7.687,6.495,8.381,10.358,10.542,10.838,10.636,10.227,10.285,10.965,14.026,11.879,9.789,9.21,9.713,9.901,10.304,10.899,10.919,10.956,13.73,13.148,11.969,10.432,9.412
Tanzania,3.847,3.659,3.466,3.336,3.279,3.215,3.127,2.994,3.021,3.051,3.104,3.192,3.299,3.024,2.775,2.5,3.029,3.47,3.223,2.93,2.125,2.162,2.237,2.313,2.409,2.518,2.781,2.806,2.609,2.607
Uganda,3.424,3.197,3.182,3.222,3.418,3.454,3.52,3.517,3.5,3.6,2.706,1.9,2.27,2.675,3.049,3.6,3.619,3.528,3.551,1.91,2.404,2.788,3.167,3.643,3.42,3.185,3.914,3.422,2.93,2.831
Ukraine,2.0,5.62,7.65,8.93,11.32,11.864,11.707,11.061,10.136,9.057,8.59,7.18,6.81,6.351,6.363,8.84,8.1,7.851,7.529,7.17,9.27,9.14,9.35,9.5,8.799,8.194,9.475,9.834,N/A,N/A
Uruguay,9.04,10.02,11.93,11.44,9.362,10.466,12.627,15.052,16.648,16.661,12.98,12.009,10.844,9.403,8.026,7.74,7.158,6.307,6.451,6.444,6.547,7.488,7.841,7.89,8.336,8.734,10.33,9.301,7.877,8.354
United States,6.119,5.65,5.451,5.0,4.511,4.219,3.992,4.731,5.783,5.989,5.529,5.084,4.623,4.622,5.784,9.254,9.633,8.949,8.069,7.375,6.168,5.28,4.869,4.355,3.896,3.669,8.055,5.349,3.65,3.625
Uzbekistan,7.3,7.8,10.7,10.9,13.3,13.3,12.286,11.254,10.224,9.185,8.126,7.074,6.026,4.99,4.89,5.04,5.36,4.96,4.87,4.86,5.09,5.15,5.16,5.83,5.391,4.945,5.293,5.345,4.535,4.526
St. Vincent and the Grenadines,19.958,19.984,20.328,20.106,20.503,20.524,20.792,21.1,20.617,19.967,19.524,19.449,19.15,18.927,18.79,19.378,19.951,20.03,19.846,19.347,19.229,19.121,19.01,18.988,18.968,19.22,20.563,20.279,19.51,18.674
"Venezuela, RB",8.56,10.24,11.77,11.16,11.15,14.53,13.99,13.04,16.17,16.78,15.07,10.663,8.606,7.279,6.245,6.097,7.112,6.902,6.601,7.54,6.821,6.138,5.319,5.045,5.463,5.887,7.53,7.027,5.747,5.528
Viet Nam,1.98,1.959,1.93,2.87,2.29,2.33,2.26,2.76,2.12,2.25,2.14,2.077,2.045,2.026,1.889,1.737,1.114,0.999,1.027,1.316,1.256,1.849,1.848,1.874,1.161,1.681,2.103,2.385,1.535,1.602
Vanuatu,8.145,8.198,8.153,8.287,8.285,8.352,8.321,8.47,8.654,8.71,8.465,8.132,8.006,6.852,5.658,4.565,4.683,4.819,4.949,5.057,5.15,5.255,5.262,5.288,5.326,5.445,4.046,4.734,5.171,5.099
World,5.66775406003629,5.82078571324882,5.90867792430197,5.95403565786869,6.12523068040456,6.26552753794956,6.13111802117014,6.22346830929282,6.46830810118524,6.5712830050912,6.44967688536565,6.36646521138731,6.10658593841064,5.89967661605856,5.93669404614037,6.51468712239899,6.38946472723596,6.24048204330454,6.22827279799595,6.167133899401,6.01622857271861,6.04884902024337,6.01033134504685,5.91614141999205,5.75639790322219,5.5829801043763,6.58528753143071,6.03376129229279,5.26461597288318,4.96143065047416
Samoa,2.995,3.239,3.51,3.775,4.123,4.487,4.732,4.96,4.978,5.04,5.165,5.214,5.323,5.426,5.538,5.646,5.62,5.68,8.752,8.772,8.72,8.9,9.062,9.4,9.512,9.601,10.214,10.368,9.923,9.747
"Yemen, Rep.",8.34,8.987,9.588,10.224,10.83,11.46,11.561,11.725,11.842,12.013,12.131,12.216,12.349,12.483,12.647,12.753,12.778,13.277,13.44,13.638,13.467,17.9,18.382,18.564,17.644,17.303,17.972,18.248,17.515,17.215
South Africa,20.073,19.799,19.643,19.679,19.821,19.926,19.841,19.725,19.658,19.728,19.634,19.557,19.425,19.39,19.507,20.512,23.181,21.416,21.786,22.038,22.606,22.869,24.023,23.992,24.218,25.538,24.339,28.77,28.838,27.988
Zambia,18.645,16.825,15.3,13.305,12.0,12.496,12.93,13.41,14.125,14.701,15.327,15.9,13.232,10.563,7.93,10.581,13.19,10.546,7.85,8.042,8.131,8.316,8.418,8.518,5.031,5.539,6.032,5.195,5.993,5.913
Zimbabwe,4.96,5.573,6.161,6.93,6.385,6.0,5.682,5.314,5.007,4.736,4.39,4.626,4.763,4.997,5.374,5.469,5.456,5.368,5.057,4.944,4.774,5.383,5.893,6.347,6.792,7.373,8.621,9.54,10.087,8.759
